name,email,password
khaled,cdirfj1@gmail.com,6c88763eeb46adc040c66494db54189feef61a818e6828cac6a21a2444f5f3d8
khaled ,0371751@sd.taylors.edu.my,5d9012d4d5a327f0c0bbb6f54ce919654f0815c7b6432878e534fd8858e30cf8
ZHANG SHIJIA,0370959@sd.taylors.edu.my,ec7220f9495bdaca39e3f4ad8d77964bc4c584321957e9d1df7fc72daebfc4bf
abdullah Waleed,grouptwelve1122@gmail.com,7674c3661e519abd5dcf25cfd81095b358ca0430249e1360d9125c8db68f59bf
abdullah,cartoonx716x705@gmail.com,212abc82c55a4840c15279c7b3fadfdc59e96a51d73916f4906e8469b0722d52
abu,0378796@sd.taylors.edu.my,0b8acedfd865b0955a4f2cb25e8bdc11f387c897770ab1a3a130cf33cae2384f
Name: test2,test2@gmail.com,8d969eef6ecad3c29a3a629280e686cf0c3f5d5a86aff3ca12020c923adc6c92
KHALED TEST,khaledsaddeq77@yahoo.com,c45757b8766ee01b4db1bd038253939d8f4c94fa050512b288516e717593d75c
KHALED,khaledsadeqalkarraz@gmail.com,2d285c4ed2df5249a1a2adac6f1413ed4afe94e1bf791ec07ec17b3ed8f5cb68
